id,first_name,last_name,email,gender,ip_address
1,Fannie,Terrelly,fterrelly0@ycombinator.com,Female,183.152.76.228
2,Helyn,Toogood,htoogood1@slideshare.net,Female,27.55.135.47
3,Paxon,Livezey,plivezey2@topsy.com,Male,45.149.20.129
4,Lyman,Evelyn,levelyn3@cnbc.com,Male,175.123.106.169
5,Shannan,Giorgietto,sgiorgietto4@oaic.gov.au,Male,0.169.241.131
6,Riva,Sallier,rsallier5@yandex.ru,Female,44.211.97.92
7,Andy,Bottomer,abottomer6@deviantart.com,Male,116.67.227.203
8,Aaron,Clink,aclink7@cbc.ca,Male,55.30.109.2
9,Hartley,Bruinsma,hbruinsma8@wp.com,Male,49.195.28.165
10,Yoshiko,Lewendon,ylewendon9@miibeian.gov.cn,Female,29.248.88.183
11,Vinny,Kemell,vkemella@apache.org,Male,103.12.240.232
12,Ricky,Cordelle,rcordelleb@hibu.com,Male,3.224.34.134
13,Conrad,Turneaux,cturneauxc@cbslocal.com,Male,70.83.195.41
14,Pooh,Gealy,pgealyd@cdbaby.com,Male,124.35.162.214
15,Hallie,Heater,hheatere@dropbox.com,Female,244.4.243.163
16,Sydel,Clyde,sclydef@123-reg.co.uk,Female,242.50.135.24
17,Yule,Dodell,ydodellg@drupal.org,Male,152.247.137.104
18,Cliff,Sweetnam,csweetnamh@woothemes.com,Male,46.221.169.217
19,Tris,Carwithan,tcarwithani@google.it,Male,6.158.250.183
20,Erin,Cuss,ecussj@chronoengine.com,Female,93.1.11.81
21,Andra,McIllrick,amcillrickk@tripod.com,Female,144.121.8.204
22,Lanna,Espadater,lespadaterl@pcworld.com,Female,229.101.34.189
23,Orlan,Jahner,ojahnerm@businessinsider.com,Male,240.178.2.254
24,Bernard,Andras,bandrasn@google.cn,Male,137.177.46.247
25,Randa,Vertigan,rvertigano@cocolog-nifty.com,Female,65.15.199.49
26,Kaleena,Heaven,kheavenp@parallels.com,Female,141.88.63.77
27,Kessia,Haggarth,khaggarthq@army.mil,Female,52.103.83.185
28,Swen,Dannehl,sdannehlr@google.co.uk,Male,29.241.159.36
29,Gaelan,Luckett,glucketts@blogtalkradio.com,Male,106.188.36.152
30,Artemis,Lannen,alannent@hao123.com,Male,107.112.59.227
31,Tiffany,Abbie,tabbieu@kickstarter.com,Female,60.190.194.5
32,Inness,Itschakov,iitschakovv@addthis.com,Male,112.76.131.214
33,Byron,Pollins,bpollinsw@cocolog-nifty.com,Male,59.225.254.172
34,Toddy,Weed,tweedx@admin.ch,Male,2.41.239.203
35,Antons,Larcher,alarchery@nbcnews.com,Male,185.113.104.235
36,Osmond,Woodland,owoodlandz@slashdot.org,Male,245.124.214.184
37,Honoria,Gilhespy,hgilhespy10@ucla.edu,Female,185.215.165.242
38,Stephana,Donisthorpe,sdonisthorpe11@google.ru,Female,97.135.230.4
39,Berky,Lacer,blacer12@guardian.co.uk,Male,82.115.58.196
40,Jesus,MacSherry,jmacsherry13@moonfruit.com,Male,227.217.103.113
41,Joline,Griswaite,jgriswaite14@intel.com,Female,41.122.12.130
42,Lancelot,O'Lochan,lolochan15@ucla.edu,Male,206.14.127.251
43,Marcella,Gradon,mgradon16@shareasale.com,Female,189.100.188.33
44,Blanche,Disbrey,bdisbrey17@salon.com,Female,248.200.100.78
45,Nicolas,Edmonson,nedmonson18@icio.us,Male,81.129.102.210
46,Audi,Rentz,arentz19@spotify.com,Female,114.9.212.169
47,Mile,Reast,mreast1a@yelp.com,Male,158.167.3.177
48,Aymer,Duffell,aduffell1b@thetimes.co.uk,Male,148.203.231.41
49,Bethina,Glazebrook,bglazebrook1c@php.net,Female,12.4.27.182
50,Julianna,Cristoforo,jcristoforo1d@guardian.co.uk,Female,129.240.123.70
51,Anica,Dodridge,adodridge1e@va.gov,Female,4.243.16.231
52,Antonius,Dod,adod1f@dailymotion.com,Male,83.113.187.88
53,Austin,Thoresbie,athoresbie1g@auda.org.au,Female,243.146.234.51
54,Willey,Lehemann,wlehemann1h@qq.com,Male,213.168.98.42
55,Nert,Rolland,nrolland1i@skyrock.com,Female,248.198.178.139
56,Lindon,Baulcombe,lbaulcombe1j@goodreads.com,Male,32.231.39.131
57,Aleda,Ferrand,aferrand1k@canalblog.com,Female,39.99.236.85
58,Harper,Staniland,hstaniland1l@creativecommons.org,Male,102.99.35.170
59,Johnette,Greader,jgreader1m@apple.com,Female,204.217.6.151
60,Claudina,Minguet,cminguet1n@comsenz.com,Female,35.243.167.185
61,Ernestus,Husband,ehusband1o@gov.uk,Male,87.24.147.75
62,Shell,Matkovic,smatkovic1p@icq.com,Female,254.132.145.77
63,Bard,Carillo,bcarillo1q@symantec.com,Male,41.21.105.193
64,Gilligan,Andreucci,gandreucci1r@oracle.com,Female,152.189.150.7
65,Spike,Camerana,scamerana1s@mozilla.org,Male,158.52.247.131
66,Anetta,Eltone,aeltone1t@sphinn.com,Female,148.192.185.93
67,Riobard,Rumming,rrumming1u@creativecommons.org,Male,53.95.194.228
68,Esta,Haney`,ehaney1v@studiopress.com,Female,229.149.147.223
69,Anastasia,McCurdy,amccurdy1w@over-blog.com,Female,38.201.34.234
70,Elle,Perrie,eperrie1x@hao123.com,Female,84.21.187.205
71,Hymie,McNirlin,hmcnirlin1y@dmoz.org,Male,28.47.18.151
72,Emalee,Dow,edow1z@feedburner.com,Female,135.43.169.184
73,Sax,Titley,stitley20@indiatimes.com,Male,197.38.72.56
74,Corty,Bignold,cbignold21@marriott.com,Male,96.139.129.176
75,Gabbie,Kolodziejski,gkolodziejski22@ibm.com,Female,83.58.160.239
76,Matthew,Bladon,mbladon23@accuweather.com,Male,66.142.128.36
77,Jarrod,Baalham,jbaalham24@vistaprint.com,Male,67.17.197.97
78,Anet,Doohey,adoohey25@who.int,Female,72.90.34.120
79,Berky,Hale,bhale26@narod.ru,Male,6.80.200.24
80,Zsa zsa,Skyner,zskyner27@cnet.com,Female,175.147.101.136
81,Andrea,MacQueen,amacqueen28@stumbleupon.com,Female,65.93.97.94
82,Vivien,Kingzeth,vkingzeth29@wordpress.com,Female,83.32.82.111
83,Flora,Haughin,fhaughin2a@ning.com,Female,51.250.204.79
84,Hermine,Elham,helham2b@squarespace.com,Female,71.32.119.55
85,Rozanna,Doohan,rdoohan2c@forbes.com,Female,168.91.96.87
86,Sigismondo,Abrahamovitz,sabrahamovitz2d@pagesperso-orange.fr,Male,165.59.102.197
87,Ashil,Wolverson,awolverson2e@kickstarter.com,Female,208.50.237.241
88,Emmet,McTavy,emctavy2f@github.com,Male,76.45.229.190
89,Vincents,Hemms,vhemms2g@goo.ne.jp,Male,113.21.254.161
90,Sukey,Piggott,spiggott2h@delicious.com,Female,198.11.31.73
91,Dionisio,Janeway,djaneway2i@goo.gl,Male,206.58.173.87
92,Donovan,Shickle,dshickle2j@ted.com,Male,103.29.168.130
93,Innis,Tremellan,itremellan2k@amazon.de,Male,36.40.48.37
94,Ediva,Stepto,estepto2l@amazonaws.com,Female,82.233.14.59
95,Eba,Jarrad,ejarrad2m@usgs.gov,Female,207.0.121.29
96,Correy,Mongenot,cmongenot2n@myspace.com,Female,217.203.97.65
97,Munroe,Marson,mmarson2o@google.it,Male,59.75.51.153
98,Mellisa,Maldin,mmaldin2p@blogspot.com,Female,9.170.124.185
99,Carolynn,Ryburn,cryburn2q@usa.gov,Female,209.164.115.147
100,Rasia,Straw,rstraw2r@etsy.com,Female,245.126.214.58
101,Sax,Filson,sfilson2s@tuttocitta.it,Male,146.29.228.236
102,Joni,Sybe,jsybe2t@wikispaces.com,Female,152.80.67.83
103,Corie,Broomer,cbroomer2u@smh.com.au,Female,198.44.155.81
104,Johnath,Lympany,jlympany2v@businessinsider.com,Female,55.152.63.249
105,Inglebert,Stickels,istickels2w@ihg.com,Male,82.1.66.69
106,Mayor,Quene,mquene2x@parallels.com,Male,122.0.53.82
107,Kass,Rands,krands2y@youtube.com,Female,103.108.218.135
108,Randolf,Chastagnier,rchastagnier2z@posterous.com,Male,194.243.192.98
109,Jimmy,Girardi,jgirardi30@example.com,Male,36.11.144.36
110,Marco,Lissandre,mlissandre31@ucoz.com,Male,131.124.79.120
111,Nev,Cranton,ncranton32@yahoo.co.jp,Male,196.37.40.107
112,Stu,Canwell,scanwell33@netlog.com,Male,26.85.145.248
113,Bendix,Jenkinson,bjenkinson34@miitbeian.gov.cn,Male,182.118.249.168
114,Conni,Mc Mechan,cmcmechan35@amazon.co.jp,Female,119.141.31.81
115,Al,Duhig,aduhig36@mediafire.com,Male,18.96.200.137
116,Shannan,Sacchetti,ssacchetti37@dailymotion.com,Male,29.240.7.136
117,Eziechiele,Austing,eausting38@archive.org,Male,115.77.184.160
118,Had,Harkess,hharkess39@trellian.com,Male,35.93.109.243
119,Ashby,Sallery,asallery3a@rediff.com,Male,158.194.65.41
120,Sigismond,Jeannon,sjeannon3b@nature.com,Male,66.107.94.159
121,Lynelle,Rapsey,lrapsey3c@illinois.edu,Female,168.213.20.253
122,Cullie,Duckels,cduckels3d@unc.edu,Male,73.124.173.164
123,Joyann,Belcham,jbelcham3e@fc2.com,Female,190.211.158.120
124,Rolfe,Sabie,rsabie3f@tuttocitta.it,Male,216.131.199.72
125,Whitman,Branson,wbranson3g@drupal.org,Male,53.228.121.201
126,Annabella,Glew,aglew3h@mail.ru,Female,254.20.162.3
127,Christal,Fieldstone,cfieldstone3i@illinois.edu,Female,0.193.130.229
128,Talbert,Krauze,tkrauze3j@miitbeian.gov.cn,Male,211.127.223.1
129,Rafaela,Snodin,rsnodin3k@nytimes.com,Female,222.121.185.108
130,Wylma,Langley,wlangley3l@ycombinator.com,Female,235.79.8.156
131,Kerk,Tivers,ktivers3m@wiley.com,Male,165.20.83.74
132,Conn,Curror,ccurror3n@ycombinator.com,Male,77.120.63.54
133,Minni,Angood,mangood3o@google.ru,Female,174.75.204.91
134,Kendell,Cecely,kcecely3p@amazon.co.jp,Male,65.178.153.219
135,Michale,Fonquernie,mfonquernie3q@apple.com,Male,5.187.179.244
136,Ronnie,Jurisch,rjurisch3r@census.gov,Male,167.155.161.57
137,Grove,Garnar,ggarnar3s@un.org,Male,116.177.84.50
138,Jdavie,Besantie,jbesantie3t@boston.com,Male,11.18.141.73
139,Dawn,Collingwood,dcollingwood3u@ucla.edu,Female,166.102.101.163
140,Chrisse,Spittal,cspittal3v@ucsd.edu,Male,69.191.207.0
141,Davey,Scarffe,dscarffe3w@ameblo.jp,Male,192.246.149.24
142,Ev,Sivewright,esivewright3x@va.gov,Male,96.217.102.146
143,Jose,Silcock,jsilcock3y@etsy.com,Male,184.150.252.85
144,Filippo,Masse,fmasse3z@list-manage.com,Male,25.135.65.230
145,Jolene,Fernandes,jfernandes40@elpais.com,Female,159.227.127.162
146,Camille,Screech,cscreech41@examiner.com,Female,240.138.30.225
147,Jefferson,Hardy-Piggin,jhardypiggin42@wordpress.com,Male,52.86.232.248
148,Lexie,Malser,lmalser43@indiatimes.com,Female,30.235.134.7
149,Nadya,Levet,nlevet44@google.com.au,Female,40.85.205.90
150,Fleurette,Skittrell,fskittrell45@marriott.com,Female,228.254.57.41
151,Donetta,Lippiatt,dlippiatt46@arizona.edu,Female,137.192.76.235
152,Edlin,Gurley,egurley47@prnewswire.com,Male,179.163.112.51
153,Hubey,Enrique,henrique48@dyndns.org,Male,22.110.24.115
154,Jori,Melrose,jmelrose49@sciencedaily.com,Female,59.205.200.27
155,Leroi,Zarfat,lzarfat4a@imageshack.us,Male,42.9.234.124
156,Vasili,Tort,vtort4b@imdb.com,Male,239.109.30.252
157,Dillon,Gall,dgall4c@ftc.gov,Male,209.155.47.243
158,Vere,Maggiori,vmaggiori4d@cam.ac.uk,Female,54.154.79.248
159,Jamal,Spry,jspry4e@qq.com,Male,68.48.27.171
160,Edy,MacNeilage,emacneilage4f@netlog.com,Female,209.132.101.40
161,Alisander,Gerred,agerred4g@t-online.de,Male,91.89.90.116
162,Laughton,Joburn,ljoburn4h@blogtalkradio.com,Male,159.88.95.210
163,Solomon,Noore,snoore4i@tinypic.com,Male,151.236.134.148
164,Fawn,Vellender,fvellender4j@macromedia.com,Female,20.177.41.217
165,Magnum,Robley,mrobley4k@edublogs.org,Male,106.68.233.106
166,Janaye,Yarn,jyarn4l@china.com.cn,Female,30.240.243.222
167,Aaren,Bellon,abellon4m@statcounter.com,Female,74.245.58.183
168,Weylin,Paget,wpaget4n@un.org,Male,134.178.184.114
169,Carce,Exrol,cexrol4o@ed.gov,Male,91.59.176.187
170,Nester,Jollye,njollye4p@list-manage.com,Male,56.133.131.131
171,Winifield,Steffan,wsteffan4q@sina.com.cn,Male,19.194.116.185
172,Adolf,Daughtery,adaughtery4r@taobao.com,Male,151.184.4.44
173,Barr,Cunniff,bcunniff4s@nasa.gov,Male,41.138.103.107
174,Melinda,Crowden,mcrowden4t@hud.gov,Female,11.174.48.175
175,Fransisco,Hane,fhane4u@va.gov,Male,227.77.2.166
176,Dani,Hansford,dhansford4v@gravatar.com,Female,104.156.168.158
177,Gerrilee,Farloe,gfarloe4w@spiegel.de,Female,82.69.55.240
178,Natal,Sowte,nsowte4x@china.com.cn,Male,84.77.35.26
179,Cristabel,Gamblin,cgamblin4y@mac.com,Female,45.35.251.9
180,Briant,Boak,bboak4z@bigcartel.com,Male,49.202.89.198
181,Shelby,Hicken,shicken50@people.com.cn,Male,57.188.39.60
182,Cross,Hannent,channent51@so-net.ne.jp,Male,183.93.195.33
183,Itch,Laurisch,ilaurisch52@earthlink.net,Male,210.61.71.219
184,Marie-ann,Penwarden,mpenwarden53@msu.edu,Female,55.34.175.221
185,Arne,Mostyn,amostyn54@usa.gov,Male,150.4.44.156
186,Chrotoem,Rising,crising55@gov.uk,Male,133.147.72.123
187,Lane,Ellum,lellum56@google.it,Male,46.168.122.41
188,Leontine,Matthewman,lmatthewman57@answers.com,Female,222.134.216.164
189,Mariya,Iori,miori58@thetimes.co.uk,Female,9.150.51.119
190,Mill,Poxon,mpoxon59@china.com.cn,Male,7.233.67.115
191,Alyosha,Coite,acoite5a@chron.com,Male,178.93.204.43
192,Chance,Rankmore,crankmore5b@google.com.au,Male,152.174.160.103
193,Neddie,Rikel,nrikel5c@amazon.com,Male,207.71.23.171
194,Nita,Dosdell,ndosdell5d@live.com,Female,197.76.60.93
195,Gus,Jansik,gjansik5e@sohu.com,Female,226.218.149.113
196,Olenka,Robak,orobak5f@typepad.com,Female,95.77.94.145
197,Amie,Alesi,aalesi5g@ucoz.ru,Female,117.86.25.150
198,Dicky,Moynham,dmoynham5h@walmart.com,Male,172.152.48.152
199,Idalia,Secrett,isecrett5i@blogger.com,Female,125.13.206.69
200,Chan,Goreisr,cgoreisr5j@unicef.org,Male,236.6.22.219
201,Dorie,Pipe,dpipe5k@sfgate.com,Male,36.81.224.60
202,Lynda,Markson,lmarkson5l@pagesperso-orange.fr,Female,254.141.79.77
203,Emmalee,Johannesson,ejohannesson5m@exblog.jp,Female,83.1.147.52
204,Bianka,Dubbin,bdubbin5n@amazon.de,Female,100.246.66.68
205,Kial,Loach,kloach5o@ted.com,Female,247.218.15.206
206,Graehme,Phelps,gphelps5p@discovery.com,Male,251.188.123.153
207,Fielding,Clute,fclute5q@netvibes.com,Male,2.75.35.109
208,Veriee,Roome,vroome5r@arizona.edu,Female,80.185.7.117
209,Chev,Jeffery,cjeffery5s@t.co,Male,72.114.121.29
210,Freeland,Quirke,fquirke5t@bravesites.com,Male,147.94.18.184
211,Godard,Pullen,gpullen5u@goo.gl,Male,230.126.211.116
212,Jammal,Gethouse,jgethouse5v@so-net.ne.jp,Male,19.123.254.10
213,Randy,Dictus,rdictus5w@kickstarter.com,Female,142.53.222.107
214,Elonore,Menci,emenci5x@dagondesign.com,Female,141.193.164.149
215,Buffy,Gettens,bgettens5y@mapy.cz,Female,198.60.88.37
216,Allina,Murie,amurie5z@vk.com,Female,164.44.62.124
217,Oren,Arman,oarman60@statcounter.com,Male,112.158.71.33
218,Gayelord,Water,gwater61@sphinn.com,Male,231.118.90.94
219,Pincus,Offell,poffell62@mail.ru,Male,235.50.239.250
220,Winne,Tedridge,wtedridge63@ask.com,Female,24.86.5.51
221,Peria,Rollitt,prollitt64@umn.edu,Female,249.52.99.9
222,Jacob,Gainsford,jgainsford65@macromedia.com,Male,72.2.168.190
223,Symon,Cavil,scavil66@samsung.com,Male,17.128.200.111
224,Brendan,Verney,bverney67@tiny.cc,Male,212.142.88.242
225,Alphard,Worner,aworner68@privacy.gov.au,Male,83.116.197.114
226,Donalt,Duddell,dduddell69@earthlink.net,Male,50.157.51.136
227,Dru,Oty,doty6a@xrea.com,Female,68.120.197.128
228,Nelie,Giacomuzzo,ngiacomuzzo6b@cocolog-nifty.com,Female,151.35.14.19
229,Rooney,Cardello,rcardello6c@t.co,Male,9.236.17.212
230,Reiko,Manchester,rmanchester6d@posterous.com,Female,173.147.216.180
231,Adler,Waber,awaber6e@illinois.edu,Male,24.17.169.121
232,Isadore,Snook,isnook6f@wordpress.org,Male,144.173.71.5
233,Clarance,Stapforth,cstapforth6g@statcounter.com,Male,171.112.57.178
234,Osborne,Houlson,ohoulson6h@vimeo.com,Male,129.109.211.212
235,Dukey,Sterrie,dsterrie6i@reference.com,Male,65.225.225.17
236,Anatollo,Pearson,apearson6j@deviantart.com,Male,68.232.19.254
237,Natalie,Trayes,ntrayes6k@360.cn,Female,228.114.74.100
238,Sibylle,Dunstan,sdunstan6l@gmpg.org,Female,213.110.8.113
239,Stanislaw,Antcliff,santcliff6m@google.fr,Male,40.72.139.124
240,Clerc,Birden,cbirden6n@multiply.com,Male,31.146.126.246
241,Zora,Cadreman,zcadreman6o@hhs.gov,Female,93.151.232.81
242,Laureen,Domengue,ldomengue6p@taobao.com,Female,91.214.218.234
243,Haleigh,Abley,habley6q@skype.com,Male,199.96.43.12
244,Trenton,Baynton,tbaynton6r@home.pl,Male,185.235.96.167
245,Shell,Nisby,snisby6s@jalbum.net,Male,244.213.108.150
246,Marline,Gemnett,mgemnett6t@army.mil,Female,164.111.18.226
247,Gilberto,Callingham,gcallingham6u@friendfeed.com,Male,95.234.55.101
248,Jude,Oglevie,joglevie6v@nih.gov,Male,195.181.193.205
249,Andie,Ericsson,aericsson6w@google.com,Male,163.49.35.238
250,Lynelle,Seger,lseger6x@spiegel.de,Female,218.198.239.99
251,Chevalier,Sobtka,csobtka6y@washington.edu,Male,251.206.211.123
252,Rosalinde,Malkie,rmalkie6z@upenn.edu,Female,199.202.156.156
253,Rolland,Chaulk,rchaulk70@amazon.com,Male,177.133.181.34
254,Marthena,Rosbottom,mrosbottom71@blog.com,Female,68.195.219.36
255,Tedda,Ladson,tladson72@accuweather.com,Female,139.79.228.216
256,Danny,Cockton,dcockton73@bluehost.com,Female,115.239.47.5
257,Jordan,Ruff,jruff74@irs.gov,Male,224.45.67.223
258,Edsel,Netti,enetti75@wikimedia.org,Male,49.216.104.181
259,Benji,Spark,bspark76@webeden.co.uk,Male,244.41.65.61
260,Arin,Dalgarno,adalgarno77@cnbc.com,Male,4.30.87.186
261,Daria,Orcas,dorcas78@mashable.com,Female,35.234.167.134
262,Cathi,Blayd,cblayd79@addtoany.com,Female,246.209.103.105
263,Shanan,Skin,sskin7a@symantec.com,Male,208.37.213.196
264,Evered,Moatt,emoatt7b@vimeo.com,Male,86.131.55.150
265,Turner,Zamora,tzamora7c@wisc.edu,Male,72.4.92.181
266,Cullan,Sheahan,csheahan7d@businesswire.com,Male,101.231.176.13
267,Lina,Fuggle,lfuggle7e@hibu.com,Female,40.237.74.109
268,Adena,Guinnane,aguinnane7f@ovh.net,Female,237.209.228.193
269,Verina,MacPaden,vmacpaden7g@toplist.cz,Female,30.102.200.144
270,Katuscha,Ilyas,kilyas7h@slate.com,Female,210.172.72.109
271,Prince,Smy,psmy7i@drupal.org,Male,131.130.234.42
272,Annette,Flegg,aflegg7j@exblog.jp,Female,219.15.201.91
273,Ax,Smeed,asmeed7k@psu.edu,Male,34.147.110.139
274,Diannne,Whitelock,dwhitelock7l@bbb.org,Female,238.242.227.222
275,Timotheus,Lythgoe,tlythgoe7m@miibeian.gov.cn,Male,36.202.102.218
276,Kalinda,Cristofolo,kcristofolo7n@cbslocal.com,Female,198.193.253.71
277,Petey,Granger,pgranger7o@goo.ne.jp,Male,126.227.220.177
278,Robinette,Gilmartin,rgilmartin7p@cbc.ca,Female,139.150.12.105
279,Nelson,O'Grady,nogrady7q@networkadvertising.org,Male,115.241.241.125
280,Meyer,McCulloch,mmcculloch7r@google.ca,Male,81.35.1.140
281,Katerine,Eyton,keyton7s@ning.com,Female,233.118.21.4
282,Maxy,Pevreal,mpevreal7t@bbb.org,Female,0.251.16.111
283,Devin,Orgen,dorgen7u@squidoo.com,Female,26.235.46.57
284,Mathilde,Jollie,mjollie7v@infoseek.co.jp,Female,142.101.217.147
285,Bertie,Bakes,bbakes7w@weibo.com,Female,205.207.185.8
286,Pietra,Gawthrope,pgawthrope7x@blog.com,Female,147.153.180.80
287,Weidar,Feeny,wfeeny7y@ucla.edu,Male,246.122.31.118
288,Leslie,McIlwraith,lmcilwraith7z@nbcnews.com,Male,140.118.115.81
289,Tim,Jeffray,tjeffray80@imageshack.us,Female,134.211.43.53
290,Angelle,Vase,avase81@livejournal.com,Female,158.117.240.21
291,Dorella,Basilone,dbasilone82@unc.edu,Female,105.170.202.32
292,Corina,Sapey,csapey83@samsung.com,Female,39.249.211.43
293,Neddie,Van Hault,nvanhault84@baidu.com,Male,159.190.82.141
294,Clayborne,Samsonsen,csamsonsen85@dot.gov,Male,41.64.172.218
295,Isaac,Case,icase86@aboutads.info,Male,154.245.170.66
296,Sam,Alessandrelli,salessandrelli87@china.com.cn,Male,206.154.50.44
297,Carlie,Hardingham,chardingham88@meetup.com,Male,62.30.98.87
298,Kerby,Tolson,ktolson89@ted.com,Male,241.42.229.195
299,Alyss,Avory,aavory8a@tiny.cc,Female,207.227.53.229
300,Jermain,Liebermann,jliebermann8b@ihg.com,Male,207.1.5.10
